Example,Actual Sales,Predicted Sales,Feature,LIME Weight
1,5.868,15.379852,Shipping Cost,161.30152285303518
1,5.868,15.379852,Category=Office Supplies,-54.04185830180351
1,5.868,15.379852,Order Priority=Medium,51.25306302863485
1,5.868,15.379852,Country=Honduras,-31.03837727778099
1,5.868,15.379852,Ship Mode=Standard Class,21.26234852491323
1,5.868,15.379852,Market=LATAM,-11.990691715136252
1,5.868,15.379852,Shipping Days,7.688829166601572
1,5.868,15.379852,Discount,-5.602334394641409
1,5.868,15.379852,State=Francisco Morazán,5.430390965592061
1,5.868,15.379852,City=Tegucigalpa,-5.428001634117322
2,10.368,9.213332,Shipping Cost,157.58961694983844
2,10.368,9.213332,Category=Office Supplies,-59.523051358364334
2,10.368,9.213332,Order Priority=High,-31.545027115206867
2,10.368,9.213332,Ship Mode=Same Day,-21.4550397157694
2,10.368,9.213332,Quantity,18.775462986530258
2,10.368,9.213332,State=Illinois,11.294405920845142
2,10.368,9.213332,City=Aurora,-9.878464089306773
2,10.368,9.213332,Region=Central,-8.157794899624024
2,10.368,9.213332,Shipping Days,7.717786214987282
2,10.368,9.213332,Country=United States,6.767045491953166
3,269.22,262.51483,Shipping Cost,161.32993817292683
3,269.22,262.51483,Category=Office Supplies,-61.65821952530628
3,269.22,262.51483,Order Priority=Medium,50.860187836646936
3,269.22,262.51483,Ship Mode=Standard Class,22.488862213867208
3,269.22,262.51483,Quantity,16.94945757792309
3,269.22,262.51483,Sub-Category=Storage,16.824368091998817
3,269.22,262.51483,Shipping Days,10.183093516198241
3,269.22,262.51483,State=Lucerne,-7.394859674639543
3,269.22,262.51483,Market=EU,4.142618414280378
3,269.22,262.51483,City=Lucerne,-2.386584486970953
